RY ,Name ,R ,F ,MATK ,MDEF ,Total ,C ,AEFF ,DEFF ,OEFF ,Skill ,ES1,ES2
1?,Agent,?,?,2799,2324,5123,4,700,581,1281,Sword Dance (e), -, -
1?,Armored Zombie,?,?,2645,2645,5290,4,661,661,1323, -, -, -
1?,Blood Dragon,?,?,3121,2325,5446,4,780,581,1362, -, -, -
1?,Bone Dragon,?,?,2717,2468,5185,4,679,617,1296, -, -, -
1?,Dark Dragon,?,?,3121,2585,5706,4,780,646,1427, -, -, -
1?,Dragon Zombie,?,?,2421,1969,4390,2,1211,985,2195, -, -, -
1?,Goblin Fighter,?,?,2645,2645,5290,4,661,661,1323, -, -, -
1?,Hydra,?,?,,,,4,,,, -, -, -
1?,Man-Eater,?,?,2468,2717,5185,3,823,906,1728, -, -, -
1?,Minotaur,?,?,2561,2086,4647,2,1281,1043,2324, -, -, -
1?,Naga,?,?,,,,3,,,, -, -, -
1?,Orc Fighter,?,?,2967,2717,5684,4,742,679,1421, -, -, -
1?,Red Dragon,?,?,2967,2468,5435,4,742,617,1359, -, -, -
1?,Salamander,?,?,3121,2349,5470,4,780,587,1368, -, -, -
1?,Summoner,?,?,2513,1838,4351,2,1257,919,2176, -, -, -
1?,Thief,?,?,2657,2205,4862,4,664,551,1216, -, -, -
1?,Werewolf,?,?,2561,2324,4885,3,854,775,1628, -, -, -
2?,Assassin,?,?,3870,2857,6727,5,774,571,1346,Hateful Genesis, -, -
2?,Basilisk,?,?,3972,4838,8810,5,794,968,1762, -, -, -
2?,Bug Bear,?,?,4252,3881,8133,6,709,647,1356,Sword Dance, -, -
2?,Cat Sith,?,?,3879,3487,7366,4,970,872,1842, -, -, -
2?,Fafnir,?,?,5040,4612,9652,6,840,769,1609, -, -, -
2?,Fenrir,?,?,5242,3867,9109,6,874,645,1518,Battle Stance, -, -
2?,Garmr,?,?,4910,3629,8539,5,982,726,1708,Sword Dance, -, -
2?,Ifrit,?,?,4781,5242,10023,6,797,874,1671,Battle Rage, RA^, -
2?,Orc Leader,?,?,4483,4483,8966,6,747,747,1494,Battle Stance, -, -
2?,Phantom,?,?,4781,4781,9562,6,797,797,1594,Hateful Genesis, -, -
2?,Slime,?,?,4328,5242,9570,6,721,874,1595, -, -, -
2?,Volcano Dragon,?,?,4328,5242,9570,5,866,1048,1914,Defensive Stance, -, -
2?,Witch,?,?,4262,3760,8022,4,1066,940,2005, -, -, -
3?,Achlis,?,?,9962,9136,19098,8,1245,1142,2387,Charmingly Beacon,RW, -
3?,Amalich,?,?,10603,9418,20021,9,1178,1046,2225,Battle Rage, -, -
3?,Armor Dragon,?,?,8456,10245,18701,8,1057,1281,2338,Sword Dance, -, -
3?,Berserker,?,?,10901,9003,19904,9,1211,1000,2212,Battle Stance, -, -
3?,Black Bellamy,?,?,11759,7852,19611,8,1470,982,2451,Weapon Bless, -, -
3?,Cyclops,?,?,10911,9013,19924,9,1212,1001,2214,Battle Rage,WB, -
3?,Dark Mage,?,?,8995,7077,16072,8,1124,885,2009,Hateful Genesis, -, -
3?,Delilah the Empusa,?,?,8636,8299,16935,7,1234,1186,2419,Lure of Love, -, -
3?,Drifting Miasma,?,?,8518,10416,18934,8,1065,1302,2367,Hateful Justice, -, -
3?,Hecatonchires,?,?,9246,6171,15417,8,1156,771,1927,Weapon Bless, -, -
3?,Hraesvelgr,?,?,9914,7330,17244,7,1416,1047,2463,Battle Rage, -, -
3?,Ignis,?,?,10245,7567,17812,8,1281,946,2227,Weapon Bless, -, -
3?,Kahyangwuti,?,?,8185,8185,16370,9,909,909,1819,Drums of War, -, -
3?,Kupalo,?,?,11249,8765,20014,9,1250,974,2224,Sword Dance, -, -
3?,Lady Vampire,?,?,7342,7514,14856,8,918,939,1857,Defensive Stance, -, -
3?,Necromancer,?,?,7746,8387,16133,7,1107,1198,2305, -, -, -
3?,Nidhogg,?,?,11186,8339,19525,8,1398,1042,2441,Hateful Genesis, -, -
3?,Omega,?,?,8615,7056,15671,8,1077,882,1959,Battle Rage, -, -
3?,Orcus,?,?,9287,11184,20471,9,1032,1243,2275,Warcry, -, -
3?,Ouroboros,?,?,10901,8054,18955,9,1211,895,2106,Hateful Genesis,RW, -
3?,Pest,?,?,10522,8602,19124,7,1503,1228,2732,Hateful Genesis, -, -
3?,Phalanx,?,?,7763,11648,19411,8,970,1456,2426,Guard Order, -, -
3?,Pluto,?,?,7836,7836,15672,8,980,980,1959,Impregnable, -, -
3?,Scipio the Chauvin,?,?,12286,7537,19823,9,1365,837,2203,Vengeful Chaos, -, -
3?,Sirius,?,?,8419,6890,15309,7,1203,984,2187,Battle Rage, -, -
3?,Skull Dragon,?,?,9246,6171,15417,7,1320,882,2202,Hateful Genesis, -, -
3?,Succubus,?,?,,,,7,,,,Charmingly Beacon, -, -
3?,Succubus Queen,?,?,9952,9003,18955,8,1244,1125,2369,Lure of Love, -, -
4?,Acantha,?,?,19324,9122,28446,13,1486,702,2188,Warcry, -, -
4?,Alecto,?,?,13399,12801,26200,12,1117,1067,2183,Divine Storm, -, -
4?,Allocer,?,?,15068,10904,25972,12,1256,909,2164,Warcry, -, -
4?,Amon,?,?,13079,9666,22745,10,1308,967,2275,Hateful Genesis, -, -
4?,Anubis,?,?,12713,13923,26636,12,1059,1160,2220,Battle Rage, -, -
4?,Arawn,?,?,14221,11751,25972,11,1293,1068,2361,Hateful Genesis, -, -
4?,Asmodeus,?,?,12443,12443,24886,11,1131,1131,2262,Lure of Love, -, -
4?,Balrog,?,?,14293,11283,25576,12,1191,940,2131,Battle Rage,WB, -
4?,Chrysaor,?,?,14221,13051,27272,13,1094,1004,2098,Weapon Bless,WB, -
4?,Demonsword,?,?,13923,11502,25425,11,1266,1046,2311,Warcry, -, -
4?,Diva,?,?,10009,12108,22117,10,1001,1211,2212,Luring Ray, -, -
4?,Dullahan,?,?,,,,16,,,,Divine Storm,WB, -
4?,Eclipse,?,?,14246,11726,25972,12,1187,977,2164,Warcry, -, -
4?,Foziar,?,?,13394,13878,27272,13,1030,1068,2098,Drums of War, RA^, -
4?,Girtablulu,?,?,14306,11705,26011,12,1192,975,2168,Divine Aura, -, -
4?,Hellawes,?,?,14036,14036,28072,13,1080,1080,2159,Fetching Smile,RW, -
4?,Kali the Wronged,?,?,16638,11334,27972,13,1280,872,2152,Double Attack,BC^,WB
4?,Khioniya,?,?,15843,12228,28071,13,1219,941,2159,Hateful Genesis,CH, -
4?,Lamashtu,?,?,12754,13276,26030,12,1063,1106,2169,Luring Ray, -, -
4?,Lucrezia the Torturer,?,?,13782,12099,25881,12,1149,1008,2157,Weapon Bless, -, -
4?,Midgardsorm,?,?,13923,10292,24215,12,1160,858,2018,Weapon Bless, -, -
4?,Mormo the Butcher,?,?,18974,10186,29160,13,1460,783,2243,Weapon Bless, -, -
4?,Naamah,?,?,13501,12044,25545,12,1125,1004,2129,Lure of Love, -, -
4?,Namtar,?,?,12959,14325,27284,13,997,1102,2099,Divine Protection, -, -
4?,Nergal,?,?,16013,11958,27971,13,1232,920,2152,Double Attack,RW,CB^
4?,Night Witch,?,?,13923,10292,24215,10,1392,1029,2422,Divine Storm, -, -
4?,Nyx,?,?,13923,11502,25425,11,1266,1046,2311,Divine Storm, -, -
4?,Rakov,?,?,12785,13851,26636,12,1065,1154,2220,Guard Order, -, -
4?,Sabnock the Varlet,?,?,12465,12265,24730,12,1039,1022,2061,Sword Dance, -, -
4?,Scoffin,?,?,12951,12951,25902,12,1079,1079,2159,Impregnable,RW, -
4?,Seth,?,?,14171,11598,25769,12,1181,967,2147,Hateful Genesis, -, -
4?,Sonya,?,?,,,,13,,,,Sword Dance,WB,SE
4?,Talos,?,?,15256,10171,25427,12,1271,848,2119,Warcry, -, -
4?,Typhon,?,?,14015,12428,26443,12,1168,1036,2204,Weapon Bless, -, -
4?,Vampire of pure blood,?,?,14115,12524,26639,12,1176,1044,2220,Lure of Love, -, -
4?,Yakshini,?,?,14355,11271,25626,12,1196,939,2136,Warcry, -, -
4?,Zenobia,?,?,13040,13040,26080,12,1087,1087,2173,Flag of Victory, -, -
5?,Abysmal,?,?,18855,14111,32966,15,1257,941,2198,Double Attack, -, -
5?,Ahriman,?,?,20405,13608,34013,15,1360,907,2268,Divine Storm, -, -
5?,Aspidochelon,?,?,17670,16306,33976,15,1178,1087,2265,Hateful Genesis, -, -
5?,Belial,?,?,20222,13359,33581,15,1348,891,2239,Divine Storm, -, -
5?,Cherufe,?,?,17788,16205,33993,15,1186,1080,2266,Divine Aura, -, -
5?,Dakaha,?,?,18719,15304,34023,15,1248,1020,2268,Divine Storm, -, -
5?,Death Knight,?,?,17617,13163,30780,14,1258,940,2199,Divine Storm,RW, -
5?,Dullahan,?,?,,,,16,,,,Divine Storm,LG, -
5?,Eris,?,?,16483,16483,32966,15,1099,1099,2198,Warcry, -, -
5?,Gargoyle Dragon,?,?,16096,17858,33954,15,1073,1191,2264,Divine Protection, -, -
5?,Gigantios,?,?,17528,16489,34017,15,1169,1099,2268,Divine Storm, -, -
5?,Gilgamesh,?,?,17341,16652,33993,15,1156,1110,2266,Flag of Victory, -, -
5?,Grim Reaper,?,?,17768,13141,30909,13,1367,1011,2378,Warcry, -, -
5?,Hastur the Unspeakable,?,?,20720,14883,35603,16,1295,930,2225,Divine Storm, -, -
5?,Hive Mind Loomin,?,?,16133,17850,33983,15,1076,1190,2266,Guard Order, -, -
5?,Humbaba,?,?,17768,16225,33993,15,1185,1082,2266,Divine Aura, -, -
5?,Iapetus,?,?,,,,16,,,,Divine Protection, -, -
5?,Jabberwock,?,?,15306,18699,34005,15,1020,1247,2267,Divine Protection, -, -
5?,Lycoan,?,?,17201,18635,35836,16,1075,1165,2240,Warcry, -, -
5?,Mammon,?,?,19380,14613,33993,15,1292,974,2266,Divine Storm, -, -
5?,Necro Madman,?,?,19391,11390,30781,14,1385,814,2199,Lure of Love, -, -
5?,Nemesis,?,?,17768,16255,34023,15,1185,1084,2268,Invincible, -, -
5?,Nyarlathotep,?,?,17012,17012,34024,15,1134,1134,2268,Warcry,WB, -
5?,Ocypete,?,?,20339,15497,35836,16,1271,969,2240,Weapon Bless,WB, -
5?,Ordreg,?,?,14114,15455,29569,14,1008,1104,2112,Lure of Love, -, -
5?,Orobas,?,?,15410,20428,35838,16,963,1266,2240,Divine Protection, -, -
5?,Salamandra,?,?,19692,16144,35836,16,1231,1009,2240,Battle Rage,LG, -
5?,Samyaza,?,?,15240,15240,30480,14,1088,1088,2177,Hateful Genesis, -, -
5?,Sekhmer,?,?,15387,17335,32722,15,1026,1156,2181,Hateful Genesis, -, -
5?,Shivani,?,?,17598,15425,33023,15,1173,1028,2202,Flag of Victory, -, -
5?,Sirrush,?,?,19054,14906,33960,15,1270,994,2264,Hateful Chaos,WB, -
5?,Strategos,?,?,17768,13141,30909,14,1269,939,2208,Flag of Victory, -, -
5?,Surtr,?,?,14334,21502,35836,16,896,1344,2240,Hateful Genesis, -, -
5?,The Kelpie,?,?,15510,20328,35838,15,1034,1355,2389,Guard Bless, -, -
5?,Tryfing,?,?,19583,16021,35604,16,1224,1001,2225,Divine Storm, -, -
5?,Victimarius,?,?,26661,14234,40895,16,1666,890,2556,Warcry,CB^, -
5?,Vida,?,?,16763,16763,33526,15,1118,1118,2235,Lure of Love, -, -
5?,Ziz,?,?,16133,16998,33131,15,1076,1133,2071,Warcry, -, -
6?,Alcina the Ego,?,?,30944,23727,54671,22,1407,1079,2485,Divine Storm, -, -
6?,Alte Berserkir,?,?,,,,27,,,,Divine Storm, -, -
6?,Archfiend Kiara,?,?,24914,23074,47988,19,1311,1214,2526,Warcry, -, -
6?,Arimas,?,?,33159,25112,58271,24,1382,1046,2428,Double Attack,RW, -
6?,Armaros,?,?,,,,27,,,,Divine Storm, -, -
6?,Asgarzul,?,?,26673,23824,50497,20,1334,1191,2525,Hateful Genesis, -, -
6?,Beigas the Sword,?,?,26604,20895,47499,20,1330,1045,2375,Divine Aura, -, -
6?,Berith the Scarred,?,?,26328,24269,50597,20,1316,1213,2530,Hateful Genesis,WB, -
6?,Carmilla,?,?,24444,22222,46666,20,1222,1111,2333,Luring Ray, -, -
6?,Claire Chaos Regitur,?,?,27492,22450,49942,20,1375,1123,2497,Divine Aura, -, -
6?,Dybbuk,?,?,,,,27,,,,Runic Grimoire, -, -
6?,Eligos,?,?,,,,28,,,,Double Attack, -, -
6?,Flauros,?,?,32658,25614,58272,24,1361,1067,2428,Double Attack,WB, -
6?,Gadreel,?,?,,,,27,,,,Divine Aura, -, -
6?,Galatea,?,?,26694,23542,50236,20,1335,1177,2512,Hateful Genesis, -, -
6?,Geryon,?,?,23118,27118,50236,20,1156,1356,2512,Divine Aura, -, -
6?,Hecate,?,?,24540,30330,54870,22,1115,1379,2494,Hateful Genesis,GL, -
6?,iNsiDiOus Da LoKi,?,?,26439,24221,50660,20,1322,1211,2533,Lure of Love, -, -
6?,Kawenda,?,?,35794,28869,64663,27,1326,1069,2395,Runic Grimoire, -, -
6?,Larva,?,?,26494,28789,55283,22,1204,1309,2513,Luring Ray, -, -
6?,Luca,?,?,23888,25883,49771,20,1194,1294,2489,Divine Protection, -, -
6?,Manasa,?,?,32563,25708,58271,24,1357,1071,2428,Divine Aura,RA^, -
6?,Mordred,?,?,27681,22694,50375,20,1384,1135,2519,Divine Storm, -, -
6?,Morwenna,?,?,36471,21800,58271,24,1520,908,2428,Flag of Victory, -, -
6?,Nuckelavee,?,?,26728,30131,56859,22,1215,1370,2585,Warcry, -, -
6?,Vojna the Rancor,?,?,25403,24853,50256,20,1270,1243,2513,Divine Storm,BC, -
6?,Yam,?,,,,,,,,,, -, -
7?,Heylel,?,?,,,,32,,,,Guard Order, -, -
7?,Ragnarock,?,?,37634,36963,74597,30,1254,1232,2487,Divine Aura, -, -
7?,Rahu,?,?,,,,32,,,,Divine Aura,SA^, -
4?,Lisica the Rover,?,?,11862,12864,24726,12,989,1072,2061,Guard Bless, -, -
4?,Iadro,?,?,13102,14870,27972,13,1008,1144,2152,Guard Bless,WB, -
4?,Kallisto the Huntress,?,?,12615,12615,25230,12,1051,1051,2103,Flag of Victory, -, -
4?,Gaia,?,?,11502,13923,25425,11,1046,1266,2311,Guard Order, -, -
4?,Gold Dragon,?,?,11941,13079,25020,11,1086,1189,2275,Divine Protection, -, -
4?,Dynamene,?,?,,,,13,,,,Lure of Love,LG, -
4?,Deylami,?,?,14036,14036,28072,13,1080,1080,2159,Battle Rage, -, -
4?,Epione,?,?,17597,10574,28171,13,1354,813,2167,Lure of Love, -, -
4?,Faedyra,?,?,14961,13010,27971,13,1151,1001,2152,Divine Storm, -, -
4?,Balder,?,?,13317,13317,26634,12,1110,1110,2220,Warcry, -, -
4?,Bronya the Wall,?,?,11017,14609,25626,12,918,1217,2136,Divine Protection, -, -
4?,Buachalla,?,?,17457,10718,28175,13,1343,824,2167,Charmingly Beacon,WB, -
4?,Bifrost,?,?,13053,12572,25625,12,1088,1048,2135,Hateful Justice, -, -
4?,Cybele,?,?,11941,11941,23882,10,1194,1194,2388,Luring Ray, -, -
4?,Delia,?,?,11169,17002,28171,13,859,1308,2167,Hateful Justice, -, -
4?,Daya the Strix,?,?,12265,12465,24730,12,1022,1039,2061,Guard Bless, -, -
3?,Penthesilea,?,?,10344,9172,19516,7,1478,1310,2788,Sword Dance, -, -
3?,Oracle,?,?,7266,8425,15691,8,908,1053,1961,Charmingly Beacon, -, -
3?,Merchant,?,?,7009,8658,15667,7,1001,1237,2238,Fetching Smile, -, -
3?,Nemea,?,?,10711,8244,18955,8,1339,1031,2369,Sword Dance,RW, -
3?,Ishtar,?,?,7268,8148,15416,8,909,1019,1927,Charmingly Beacon, -, -
3?,Janus,?,?,10036,8898,18934,7,1434,1271,2705,Hateful Justice, -, -
3?,Lamia,?,?,7615,9239,16854,8,952,1155,2107,Lure of Love, -, -
3?,Leprechaun Girl,?,?,8485,10245,18730,7,1212,1464,2676,Guard Order, -, -
3?,Sekhmet,?,?,8891,8044,16935,9,988,894,1882,Lure of Love, -, -
3?,Scipio the Sentry,?,?,11511,8311,19822,9,1279,923,2202,Vengeful Genesis, -, -
3?,Shamhat,?,?,9371,11449,20820,10,937,1145,2082,Battle Rage,LG, -
3?,Shaman Queen,?,?,8054,10901,18955,7,1151,1557,2708,Guard Order, -, -
3?,Silver,?,?,6655,9016,15671,8,832,1127,1959,Luring Ray, -, -
3?,Phoenix,?,?,7617,8636,16253,7,1088,1080,2322, -, -, -
3?,Priestess of the Flock,?,?,9312,9312,18624,7,1330,1330,2660,Impregnable, -, -
3?,Scaled Reaper,?,?,10851,9249,20100,9,1206,1028,2233,Warcry, -, -
3?,Sacred Archer,?,?,8687,7908,16595,9,965,879,1844, -, -, -
3?,Thebe the Allaying,?,?,9838,11132,20970,10,984,1113,2097,Guard Order, -, -
4?,Aeacus,?,?,12713,13923,26636,12,1059,1160,2220,Guard Order, -, -
3?,Water Dragon,?,?,10355,9453,19808,9,1151,1050,2201,Battle Rage, -, -
3?,Yggdrasil,?,?,10425,10329,20754,9,1158,1148,2306,Impregnable, -, -
3?,Sylpheed,?,?,8658,7009,15667,7,1237,1001,2238,Fetching Smile, -, -
1?,Wood Fairy,?,?,2089,2064,4153,2,1045,1032,2077, -, -, -
2?,Armor Knight,?,?,2867,5242,8109,6,478,874,1352,Impregnable, -, -
2?,Blacksmith,?,?,4185,3760,7945,5,837,752,1589, -, -, -
1?,Wyvern,?,?,2967,2468,5435,4,742,617,1359, -, -, -
1?,Ranger,?,?,2491,2252,4743,3,830,751,1581, -, -, -
1?,Serpent,?,?,2324,2799,5123,3,775,933,1708, -, -, -
1?,Scavenger,?,?,2561,2324,4885,3,854,775,1628, -, -, -
1?,Skeleton Warrior,?,?,2896,2136,5032,4,724,534,1258, -, -, -
1?,Shaman,?,?,2324,2086,4410,2,1162,1043,2205, -, -, -
1?,Dancer,?,?,2195,2645,4840,3,732,882,1613, -, -, -
1?,Corvid Shaman,?,?,2717,2218,4935,4,679,555,1234, -, -, -
1?,Coeurl,?,?,2717,2468,5185,4,679,617,1296, -, -, -
1?,Alchemist,?,?,2967,2218,5185,3,989,739,1728, -, -, -
1?,Adventurer,?,?,2421,2195,4616,2,1211,1098,2308,-, -, -
1?,Apprentice Witch,?,?,2195,1969,4164,2,1097,985,2082, -, -, -
1?,Firedrake,?,?,,,,2,,,, -, -, -
1?,Dragoon,?,?,2799,2086,4885,3,933,695,1628, -, -, -
1?,Grass Fairy,?,?,2086,2561,4647,2,1043,1281,2324, -, -, -
1?,Jinn,?,?,2136,2349,4485,2,1068,1175,2243, -, -, -
1?,Iron Beetle,?,?,2324,2799,5123,4,775,700,1281, -, -, -
1?,Lady Warrior,?,?,2690,1979,4669,3,897,660,1556, -, -, -
2?,Skywyrm,?,?,5374,4922,10296,6,896,820,1716, -, -, -
2?,Mythril Dragon,?,?,3881,3881,7762,6,647,647,1294,Battle Rage, -, -
2?,Silver Dragon,?,?,5288,4399,9687,6,881,733,1615, -, -, -
2?,Dryad,?,?,3629,4056,7685,4,907,1014,1921,Fetching Smile, -, -
2?,Hell Hound,?,?,5242,4781,10023,6,874,797,1671,Battle Stance, -, -
2?,Iron Soldier,?,?,3879,4282,8161,4,970,1071,2040, -, -, -
2?,Komodo Dragon,?,?,4452,4740,9192,6,742,790,1532, -, -, -
2?,Mage,?,?,4542,4141,8683,4,1136,1035,2171,Battle Stance, -, -
3?,Briseis,?,?,9406,9905,19311,8,1176,1238,2414,Fetching Smile, -, -
3?,Battlemage Elf,?,?,9862,9113,18975,8,1233,1139,2372,Weapon Bless, -, -
3?,Amazon,?,?,8921,8272,17193,9,991,919,1910,Sword Dance, -, -
3?,Archmage,?,?,10901,9003,19904,9,1211,1000,2212,Divine Storm, -, -
3?,Apprentice Mage Tina,?,?,,,,6,,,,Fetching Smile, -, -
3?,Ceridwen the Glimmer,?,?,10664,9457,20121,9,1185,1051,2236,Weapon Bless, -, -
3?,Cerberus,?,?,9003,9952,18955,8,1125,1244,2369,Battle Rage, -, -
3?,Daga the Marauder,?,?,9982,8848,18830,8,1248,1106,2354,Weapon Bless,RW, -
3?,Court Entertainer,?,?,,,,7,,,,Charmingly Beacon, -, -
3?,Garuda,?,?,8534,7138,15672,8,1067,892,1959,Sword Dance, -, -
3?,Frost Troll,?,?,11746,7842,19588,8,1468,980,2449,Hateful Justice,WB, -
3?,Forest Dragon,?,?,7507,7919,15426,8,938,990,1928, -, -, -
3?,Fairy Knight,?,?,9289,9666,18955,8,1161,1208,2369,Charmingly Beacon, -, -
3?,Elder Dragon,?,?,10451,8553,19004,8,1306,1069,2376,Battle Stance, -, -
5?,Otshirvani,?,?,18640,17196,35836,16,1165,1075,2240,Divine Aura,RW, -
5?,Oriande,?,?,,,,16,,,,Flag of Victory, -, -
5?,Oksana,?,?,19938,15665,35603,16,1246,979,2225,Flag of Victory, -, -
5?,Nova,?,?,,,,16,,,,Divine Storm, -, -
5?,Nunnehi,?,?,21362,14242,35603,16,1335,890,2225,Divine Aura, -, -
5?,Ilazki,?,?,13437,19901,33338,15,896,1327,2223,Divine Aura, -, -
5?,Illuyanka,?,?,19305,14328,33633,15,1287,955,2242,Divine Storm, -, -
5?,Mafdet,?,?,18800,17000,35800,16,1175,1063,2238,Double Attack,LG, -
5?,Laughing Jack,?,?,14444,17777,32221,15,963,1185,2148,Hateful Justice,LG, -
5?,Mangrove's Heart,?,?,16747,16747,33494,15,1116,1116,2233,Luring Ray, -, -
5?,Manipulator,?,?,18230,15252,33482,15,1215,1017,2232,Luring Ray, -, -
5?,Faula,?,?,17201,18635,35836,16,1075,1165,2240,Lure of Love,RW,CB^
5?,Fujin,?,?,21526,15219,36745,16,1345,951,2297,Divine Aura,RW,WB
5?,Castle Dragon,?,?,16715,17307,34022,15,1114,1154,2268,Guard Order, -, -
5?,Brunhyld,?,?,15400,18464,33864,15,1027,1231,2258,Luring Ray, -, -
5?,Cypria,?,?,,,,24,,,,Divine Aura, -, -
5?,Guairle,?,,,,,,,,,, -, -
5?,Gullveig,?,?,17388,16103,33491,15,1159,1074,2233,Warcry, -, -
5?,Gorynych,?,?,16633,18970,35603,16,1040,1186,2225,Battle Rage, -, -
4?,Seline,?,?,12336,13106,25442,12,1028,1092,2120,Luring Ray,GL, -
4?,Saffi the Spike,?,?,13582,11792,25374,12,1132,983,2115,Sword Dance, -, -
4?,Ombos the Unrepentant,?,?,16364,10908,27272,13,1259,839,2098,Divine Storm, -, -
4?,Rhadamanthys,?,?,13923,12713,25636,12,1160,1059,2136,Hateful Justice, -, -
4?,Medusa,?,?,13913,11857,25770,12,1159,988,2148,Hateful Justice, -, -
4?,Mage Queen,?,?,12713,11502,24215,11,1156,1046,2201,Divine Storm, -, -
4?,Lupa the Longtail,?,?,12920,12920,25840,12,1077,1077,2153,Warcry, -, -
4?,Yali,?,?,14123,10292,24415,10,1412,1029,2441,Weapon Bless, -, -
4?,Undine,?,?,9858,10886,20744,10,986,1089,2074,Divine Protection, -, -
4?,Thaleia,?,?,10931,15242,26173,12,911,1270,2181,Divine Protection, -, -
4?,Teshub,?,?,13074,12563,25637,11,1189,1142,2331,Divine Storm, -, -
4?,Tybalt,?,?,13437,11720,25157,12,1120,977,2096,Sword Dance, -, -
4?,Tarasque,?,?,13128,9352,22480,12,1094,779,1873,Double Attack, -, -
5?,Ancient Gryphon,?,?,19759,15844,35603,16,1235,990,2225,Divine Storm, -, -
4?,Zuu,?,?,13703,12386,26089,12,1142,1032,2174,Warcry, -, -
5?,Apsaras,?,?,16893,16893,33786,15,1126,1126,2252,Guard Order, -, -
5?,Apostle of the Void,?,?,15406,18088,33494,15,1027,1206,2233,Guard Order, -, -
5?,Agni,?,?,20048,13946,33994,15,1337,930,2266,Divine Storm,RW, -
5?,Brahman,?,?,15240,16697,31937,14,1089,1193,2281,Hateful Justice, -, -
6?,Eupheme,?,?,27387,30884,58271,24,1141,1287,2428,Flag of Victory, -, -
6?,Dekan the Word,?,?,30373,24297,54670,20,1519,1215,2734,Divine Storm, -, -
6?,Caradoc the Rider,?,?,25383,24853,50236,15,1692,1657,3349,Divine Storm,RW, -
6?,Alexander,?,?,,,,22,,,,Divine Aura, -, -
5?,Xenia the Steward,?,?,15664,18277,33941,15,1044,1218,2263,Divine Protection, -, -
5?,Yibegan,?,?,19583,16021,35604,16,1224,1001,2225,Battle Rage,WB, -
6?,Apocatequil,?,?,,,,20,,,,Divine Aura, -, -
6?,Alfheim,?,?,29135,29135,58270,24,1214,1214,2428,Divine Aura, -, -
6?,Alphard,?,?,,,,27,,,,Blazing Sword, -, -
5?,Sol the Beacon,?,?,17843,16162,34005,15,1190,1077,2267,Divine Storm, -, -
5?,Skylla,?,?,22694,13142,35836,16,1418,821,2240,Hateful Justice, -, -
5?,Sindri,?,?,14363,17889,32252,10,1436,1789,3225,Guard Order,CH, -
5?,Shylah the Lancer,?,?,17802,17802,35604,16,1113,1113,2225,Flag of Victory,WB, -
5?,Paladin Kiara,?,?,14954,18277,33231,14,1068,1306,2374,Flag of Victory, -, -
5?,Ouranos,?,?,19203,14790,33993,15,1280,986,2266,Divine Aura, -, -
5?,Thetis,?,?,16617,13813,30430,14,1187,987,2174,Warcry, -, -
5?,Twilight Ent,?,?,17336,16630,33966,15,1156,1109,2264,Divine Storm,WB, -
5?,Tiamat,?,?,16697,13793,30490,14,1193,985,2178,Warcry, -, -
6?,Liesbet the Source,?,?,26223,23238,49461,20,1311,1162,2473,Warcry,RW, -
6?,Misera the Lineage,?,?,21453,29123,50576,20,1073,1456,2529,Guard Order, -, -
6?,Morgan,?,?,25252,23781,49033,20,1263,1189,2452,Divine Aura, -, -
6?,Maau,?,?,,,,24,,,,Lure of Love,SS, -
6?,Karlaf,?,?,29135,29135,58270,24,1214,1214,2428,Divine Aura,RW, -
6?,Gantafragma,?,?,,,,20,,,,Guard Order, -, -
6?,Gryzmot,?,?,24003,26288,50291,20,1200,1314,2515,Drums of War,LG, -
6?,Geiravor,?,?,29476,28795,58271,24,1228,1200,2428,Double Attack,LG,WB
6?,Harmonia,?,?,32791,25480,58271,24,1366,1062,2428,Hateful Justice,GL, -
6?,Hel,?,?,24298,24298,48596,20,1215,1215,2430,Hateful Justice,RW, -
6?,Stheno,?,?,28306,36369,64675,27,1048,1347,2395,Luring Ray, -, -
6?,Raijin,?,?,37047,21224,58271,27,1372,786,2158,Divine Storm,RW,WB
6?,Ozma,?,?,34244,20639,54883,22,1557,938,2495,Flag of Victory, -, -
6?,Nemosy the Antiquity,?,?,26738,27933,54671,22,1215,1270,2485,Flag of Victory, -, -
6?,Nezgani,?,?,,,,27,,,,Divine Aura,WB,SE
6?,Ziva,?,?,40790,17481,58271,24,1700,728,2428,Divine Storm, -, -
6?,Vanir,?,?,,,,22,,,,Flag of Victory, -, -
6?,Vetala,?,?,,,,27,,,,Divine Storm,SA^, -
7?,Nymeue,?,?,,,,32,,,,Flag of Victory,CB^, -
7?,Hindarfial,?,?,,,,32,,,,Blazing Sword, -, -
4?,Kinnari,?,?,14514,10508,25022,11,1319,955,2275,Lure of Love, -, -
4?,Iris,?,?,11941,13079,25020,11,1086,1189,2275,Guard Order, -, -
4?,Gerd,?,?,10292,12693,22985,10,1029,1269,2299,Luring Ray, -, -
4?,Genji,?,?,15252,10175,25427,11,1387,925,2312,Warcry, -, -
4?,Hegemone,?,?,13260,14000,27260,12,1105,1167,2272,Hateful Chaos,LG,WB
4?,Enoch,?,?,14425,10870,25295,12,1202,906,2108,Divine Storm, -, -
4?,Ennedi the Fang,?,?,13182,12478,25660,12,1099,1040,2138,Divine Storm, -, -
4?,Dragoon Knight,?,?,13923,11502,25425,11,1266,1046,2311,Divine Aura, -, -
4?,Eunomia,?,?,,,,13,,,,Double Attack,WB, -
4?,Enyo,?,?,16364,10908,27272,13,1259,839,2098,Battle Rage, -, -
4?,Eos,?,?,11002,13724,24726,12,1144,1144,2061,Guard Order, -, -
4?,Fimbul,?,?,12713,13923,26636,12,1059,1160,2220,Divine Storm, -, -
4?,Freyja,?,?,10803,13079,23882,12,900,1090,1990,Divine Storm, -, -
4?,Bellona the Hardened,?,?,9352,13105,22457,12,779,1092,1871,Weapon Bless,BC, -
4?,Badhbh Cath,?,?,12142,12862,25004,11,1104,1169,2273,Charmingly Beacon, -, -
4?,Archbishop,?,?,11941,13079,25020,11,1086,1189,2275,Hateful Chaos,RW, -
4?,Atalante,?,?,15736,8479,24215,11,1431,771,2201,Weapon Bless,RW, -
4?,Athena,?,?,12713,12713,25426,11,1059,1059,2311,Guard Order, -, -
4?,Alraune,?,?,13637,13637,27374,13,1049,1049,2106,Luring Ray, -, -
4?,Anu,?,?,13049,11971,25020,11,1186,1088,2275,Divine Aura, RA^, -
4?,Calliope,?,?,15830,12241,28071,13,1218,942,2159,Lure of Love, -, -
4?,Beowulf,?,?,13923,12713,26636,12,1160,1059,2220,Warcry,RW, -
4?,Brighid the Bold,?,?,12591,14009,26600,12,1049,1167,2217,Flag of Victory, -, -
4?,Dhanan the Warden,?,?,14270,13901,28171,13,1098,1069,2167,Hateful Chaos,LG, -
4?,Dragon Archer,?,?,13876,12319,26195,12,1156,1027,2183,Warcry,RW, -
4?,Dragon Lady,?,?,12073,12073,24146,11,1098,1098,2195,Battle Rage, -, -
3?,Paladin,?,?,9952,10901,20853,9,1106,1211,2317,Impregnable, -, -
3?,Olaf Drekisonr,?,?,12512,8307,20819,10,1251,831,2082,Warcry, -, -
3?,Mystic Elf,?,?,7696,6817,14513,7,1099,974,2073,Weapon Bless, -, -
3?,Moon Witch,?,?,8796,8475,17271,9,977,942,1919,Guard Bless, -, -
3?,Gawain,?,?,11067,9052,20119,9,1230,1006,2235,Warcry, -, -
3?,Gladiator,?,?,7677,8768,16445,8,960,1096,2056, -, -, -
3?,Hanuman,?,?,10901,9952,20853,9,1211,1106,2317,Weapon Bless, -, -
3?,Krishna,?,?,10901,9952,20853,9,1211,1106,2317,Weapon Bless, -, -
3?,Kaede,?,?,10553,9346,19899,9,1173,1038,2211,Weapon Bless, -, -
3?,Scipio the Maven,?,?,11811,8011,19822,9,1312,890,2202,Vengeful Justice, -, -
3?,Quetzalcoatl,?,?,8906,8906,17812,8,1113,1113,2227, -, -, -
3?,Puck,?,?,9467,9467,18934,7,1352,1352,2705,Hateful Chaos, -, -
3?,Valkyrie,?,?,7716,7701,15417,8,965,963,1927,Flag of Victory, -, -
3?,Thunder Dragon,?,?,11777,8755,20532,9,1309,973,2281,Hateful Chaos, -, -
4?,Abdel the Goliath,?,?,13580,13046,26626,12,1132,1087,2219,Warcry,WB, -
3?,White Knight,?,?,9356,8456,17812,8,1170,1057,2227,Hateful Chaos, -, -
4?,Agrona,?,?,12730,15440,28170,13,979,1188,2167,Hateful Chaos,GL, -
4?,Ajax,?,?,15866,10577,26443,12,1322,881,2204,Hateful Chaos, -, -
2?,Crusader,?,?,4185,4612,8797,5,837,922,1759, -, -, -
2?,Archer,?,?,2648,3732,6380,4,662,933,1595, -, -, -
1?,Unicorn Knight,?,?,2431,2443,4874,3,810,814,1625, -, -, -
1?,Tiny Dragon,?,?,2896,2386,5282,4,724,597,1321, -, -, -
1?,Thunderbird,?,?,2690,2443,5133,4,673,611,1283, -, -, -
1?,Warrior,?,?,2896,2645,5544,4,724,661,1386, -, -, -
1?,Rainbow Bird,?,?,2195,2421,4616,2,1098,1211,2308, -, -, -
1?,Pegasus,?,?,2252,2513,4765,3,751,838,1588, -, -, -
1?,Mountain Tiger,?,?,2967,2468,5435,4,742,617,1359, -, -, -
1?,Crystal Dragon,?,?,2349,2824,5173,4,587,706,1293, -, -, -
1?,Cavalry,?,?,2181,2669,4850,4,545,667,1213, -, -, -
1?,Angel,?,?,2324,2561,4885,3,775,854,1628, -, -, -
1?,Ancient Whale,?,?,2086,2799,4885,9,232,311,543, -, -, -
1?,Flower Fairy,?,?,2089,2540,4629,2,1045,1270,2315, -, -, -
1?,Druid,?,?,2086,2324,4410,2,1043,1162,2205, -, -, -
1?,Healer,?,?,1969,2421,4390,2,985,1281,2195, -, -, -
1?,Goblin Mage,?,?,2799,2086,4885,3,933,695,1628, -, -, -
3?,Aisling the Sleeper,?,?,8487,11534,20021,9,943,1282,2225,Luring Ray, -, -
2?,Wind Sprite,?,?,3508,4252,7760,6,585,709,1293,Fetching Smile, -, -
2?,White Dragon,?,?,5040,3760,8800,5,1008,752,1760, -, -, -
2?,Priest,?,?,3879,4674,8553,5,776,935,1711, -, -, -
2?,Pixy,?,?,4056,4483,8539,5,811,897,1708,Fetching Smile, -, -
2?,Scribe Mage,?,?,3760,4555,8315,5,752,911,1663,Defensive Stance, -, -
2?,Frost Dragon,?,?,4612,4185,8797,5,922,837,1759, -, -, -
2?,Elemental Shaman,?,?,4781,4781,9562,6,797,797,1594,Fetching Smile, RA^, -
2?,Exorcist,?,?,4781,4328,9109,6,797,721,1518,Defensive Stance, -, -
2?,Holy Gryphon,?,?,4742,3890,8632,6,790,648,1439, -, -, -
2?,Holy Dragon,?,?,5374,4922,10296,5,1075,984,2059, -, -, -
2?,Lizard Commando,?,?,4328,5242,9570,6,721,874,1595,Guard Order, -, -
3?,Blessing Winged Girl,?,?,11385,7590,18975,8,1423,949,2372,Hateful Chaos, -, -
3?,Blessed Knight,?,?,7716,7701,15417,8,965,963,1927,Divine Aura, -, -
3?,Bechuille,?,?,12337,7473,19810,9,1371,830,2201,Sword Dance, -, -
3?,Bishop,?,?,7009,9477,16486,7,1001,1354,2355,Guard Bless, -, -
3?,Aldebaran,?,?,9942,10911,20853,9,1105,1212,2317,Guard Order, -, -
3?,Ashura,?,?,10555,9369,19924,9,1173,1041,2214,Weapon Bless, -, -
3?,Evangelic Knight,?,?,10911,9013,19924,8,1364,1127,2491,Divine Aura,RW, -
3?,Dulcinea,?,?,9097,9858,18955,7,1300,1408,2707,Impregnable, -, -
5?,Oceanus,?,?,19049,16555,35604,16,1191,1035,2225,Divine Storm, -, -
5?,Olyroun,?,?,21442,15303,36745,31,692,494,1185,Divine Storm,SS^, -
5?,Nevecuor,?,?,18278,15665,33943,12,1523,1305,2829,Divine Protection,RW, -
5?,Ladon,?,?,21230,12605,33835,15,1415,840,2256,Divine Storm,RW, -
5?,Kuno,?,?,18506,17310,35816,16,1157,1082,2239,Divine Storm,WB, -
5?,Juran the Oathkeeper,?,?,18157,17446,35603,16,1135,1090,2225,Divine Aura, -, -
5?,Leviathan,?,?,19038,13684,32722,15,1269,912,2181,Divine Aura, -, -
5?,Magdelona,?,?,20388,16358,36746,16,1274,1022,2297,Lure of Love,SS^, -
5?,Doyla,?,?,,,,16,,,,Luring Ray, -, -
5?,Chronos,?,?,16225,14683,30908,15,1082,979,2061,Divine Protection, -, -
5?,Grindy,?,,,,,,,,,, -, -
5?,Grendel,?,?,14983,17788,32771,15,999,1186,2185,Guard Order, -, -
5?,Hazan,?,?,19151,16685,35836,15,1277,1112,2389,Warcry, -, -
5?,Gyoja,?,?,,,,16,,,,Hateful Justice, -, -
5?,Hakon,?,?,18514,17116,35630,15,1234,1141,2375,Warcry, -, -
5?,Heimdal,?,?,22545,13291,35836,16,1409,831,2240,Hateful Chaos, -, -
5?,Hypnos,?,?,17446,18157,35603,16,1091,1135,2225,Guard Order, -, -
4?,Seraphim Angel,?,?,14479,11964,26443,12,1207,997,2204,Hateful Chaos, -, -
4?,Sagramore the Templar,?,?,12419,12315,24734,12,1035,1026,2061,Battle Rage, -, -
4?,Santa's Dragon Chariot,?,?,11052,11052,22104,10,1105,1105,2210,Hateful Chaos, -, -
4?,Olyphant,?,?,15895,10430,26325,12,1325,869,2194,Double Attack,WB, -
4?,Raguel the Vengeful,?,?,13626,12522,26148,12,1136,1044,2179,Divine Storm, -, -
4?,Oona,?,?,10497,10497,20994,12,875,875,1750,Flag of Victory, -, -
4?,Malika the Tracker,?,?,13724,11002,24726,12,1144,917,2061,Divine Protection,GL, -
4?,Mahku,?,?,15446,13716,29162,13,1188,1055,2243,Flag of Victory,SA^, -
4?,Lord Knight,?,?,12690,13897,26587,12,1058,1158,2216,Divine Aura, -, -
4?,Minerva,?,?,12993,12993,25986,12,1083,1083,2166,Hateful Chaos, -, -
4?,Nola Grimalkin,?,?,14514,12760,27274,13,1116,982,2098,Divine Storm, -, -
4?,Spirit of Christmas,?,?,,,,10,,,,Guard Order, -, -
4?,Siegfried,?,?,12458,13571,26029,12,1038,1131,2169,Hateful Chaos, -, -
4?,Taire the Emisar,?,?,15171,11018,26189,12,1264,918,2182,Hateful Chaos, -, -
4?,Teresa,?,?,12450,13215,25665,12,1101,1101,2139,Guard Order, -, -
5?,Archangel of Judgement,?,?,18026,15899,33925,15,1202,1060,2262,Hateful Chaos, -, -
5?,Arc Dragon,?,?,18006,15977,33983,15,1200,1065,2266,Divine Aura, -, -
4?,Yinglong,?,?,13046,13046,26092,12,1087,1087,2174,Divine Storm,WB, -
5?,Balam,?,?,19037,14946,33983,15,1269,996,2266,Divine Storm, -, -
6?,Elpis the Dawn,?,?,25622,32649,58271,24,1068,1360,2428,Flag of Victory, -, -
6?,Cosmic Dragon,?,?,25513,23792,49305,20,1276,1190,2465,Divine Storm, -, -
6?,Domitia Aeterna,?,?,22313,27343,49656,20,1116,1367,2483,Guard Order, -, -
6?,Dragon Princess,?,?,23521,25076,48597,20,1176,1254,2430,Flag of Victory, -, -
6?,Belili,?,?,25913,32317,58230,24,1080,1347,2426,Luring Ray,SS^, -
6?,Chaldea the Radical,?,?,,,,20,,,,Hateful Chaos, -, -
6?,Ahura,?,?,31696,23174,54870,22,1441,1053,2494,Lure of Love,LG, -
5?,Winged Duskblade,?,?,20054,13970,34024,15,1337,931,2268,Divine Aura, -, -
5?,Simurgh,?,?,18152,15790,33942,15,1210,1053,2263,Divine Aura,GL, -
5?,Perun,?,?,22221,13636,35857,16,1389,852,2241,Double Attack,WB, -
5?,Sabbah,?,?,21502,14334,35836,16,1344,896,2240,Flag of Victory, -, -
5?,Renenutet,?,?,17494,16466,33960,15,1166,1098,2264,Guard Order, -, -
5?,Teivel,?,?,17446,18157,35603,16,1090,1135,2225,Guard Order,LG, -
5?,The Cardinal's Judge,?,?,17927,16120,34047,15,1195,1075,2270,Divine Aura, -, -
5?,Titatania,?,?,17080,16414,33494,15,1139,1094,2233,Guard Order, -, -
5?,Vara the Patron,?,?,17320,16632,33952,15,1155,1109,2263,Divine Aura,RW, -
5?,Vahe the Zephyr,?,?,16404,17078,33482,15,1094,1139,2232,Divine Aura,WB, -
6?,Maestema,?,?,27585,27086,54171,22,1254,1231,2462,Flag of Victory, -, -
6?,Iroas,?,?,34163,24108,58271,24,1423,1005,2428,Divine Storm, -, -
6?,Isara,?,?,21342,37112,58454,24,889,1546,2436,Luring Ray, -, -
6?,Gauri the Exquisite,?,?,26128,24296,50424,20,1306,1215,2521,Double Attack,BC^ ,WB
6?,Forseti the Last,?,?,,,,20,,,,Divine Storm,BC, -
6?,Furfur,?,?,34157,24114,58271,24,1423,1005,2428,Divine Storm,WB, -
6?,Gavrel the Gentle,?,?,24135,34136,58271,24,1006,1422,2428,Hateful Chaos,LG, -
6?,Hervor,?,?,,,,27,,,,Hateful Chaos, -, -
6?,Thiedric the Solid,?,?,,,,24,,,,Double Attack,WB, -
6?,Susano,?,?,33127,22086,55213,22,1506,1004,2510,Divine Storm,LG, -
6?,Sinadun,?,?,,,,27,,,,Hateful Chaos, -, -
6?,Randgriz,?,?,,,,27,,,,Warcry, -, -
6?,Saule the Jubilant,?,?,24781,25455,50236,20,1239,1273,2512,Guard Order,WB, -
6?,Sage Epiphron,?,?,25695,28976,54671,22,1168,1317,2485,Guard Order,WB, -
6?,Nomos,?,?,28346,21059,49405,20,,,,Divine Storm,WB, -
6?,Nikaela,?,?,28394,29961,58355,24,1183,1236,2431,Divine Protection,RW, -
6?,Yarilo,?,?,,,,27,,,,Bewitching Perfume, -, -
6?,Vairo Virtuous Aegis,?,?,23175,27402,50577,20,1159,1370,2529,Guard Order,WB, -
7?,Lelaziazior,?,?,,,,32,,,,Divine Storm, -, -
7?,Siosire,?,?,,,,32,,,,Divine Storm,WB,SE
7?,Thidrek,?,?,34297,40299,74596,30,1143,1343,2487,Flag of Victory, -, -
5?,Ningal,?,?,17918,18634,36552,16,1120,1165,2284,Luring Ray, -, -
5?,Cliodha,?,?,,,,16,,,,Hateful Chaos, -, -
5?,Syrene,?,?,,,,16,,,,Guard Bless,CH,
6?,Illyria,?,?,25197,25040,50237,20,1260,1252,2512,Hateful Chaos, -, -
